,base,FFT,C-HB-IIR,C-HB-FIR,EQ-Linterp + CIC
MesaMiniRec_HighGain_DirectOut,,-123.73111470865992,-6.6541645270852765,-72.76127958731603,-13.62347312885703
