,base,FFT,C-HB-IIR,C-HB-FIR,EQ-Linterp + CIC
MesaMiniRec_HighGain_DirectOut,,-129.6565125483793,-90.44866147342387,-73.82274015559993,-49.28262448487887
